PRAGMA foreign_keys=OFF;
BEGIN TRANSACTION;
CREATE TABLE accounts(
AccId INTEGER PRIMARY KEY AUTOINCREMENT ,
Name TEXT,
Email TEXT,
Gender TEXT,
Password TEXT,
AccType TEXT
);
INSERT INTO accounts VALUES(1,'Daniel K. Pemberton','danier@gmail.com','Male','123456','User');
INSERT INTO accounts VALUES(2,'Md Sharfaraz Hossain','sharfaraz.hossain@northsouth.edu','Male','123456','Admin');
INSERT INTO accounts VALUES(3,'Kiley R. Smithine','smith@hotmail.com','Female','123456','User');
INSERT INTO accounts VALUES(4,'Donna W. Vandegrift','Female','donna1@gmail.com','123456','User');
INSERT INTO accounts VALUES(5,'Md Raiyan Alam','raiyanAlam0101@gmail.com','Male','123456','Oficial');
INSERT INTO accounts VALUES(6,'Arvin Ishrar Islam','arvin42@gmail.com','Male','123456','Oficial');
INSERT INTO accounts VALUES(11,'Jennifer Lawrince','jennifer02@gmail.com','Male','123456','User');
INSERT INTO accounts VALUES(12,'Maria Tuj Oishee','maria.oishee@gmail.com','Female','123456','User');
INSERT INTO accounts VALUES(13,'Lionel Messi','LifeIsMessi@gmail.com','Male','123456','User');
INSERT INTO accounts VALUES(18,'Irteza Muashir Zaman','irteza@gmail.com','Male','123456','User');
INSERT INTO accounts VALUES(19,'Hug Jackman','jackman420@gmail.com','Male','123456','User');
INSERT INTO accounts VALUES(20,'Wabababa Warish','wabababa@outlook.com','Male','123456','User');
INSERT INTO accounts VALUES(21,'Mehroz Issaba','mehroz@gmail.com','Female','123456','User');
INSERT INTO accounts VALUES(22,'Zahin Sam','zahin@gmail.com','Male','123456','User');
INSERT INTO accounts VALUES(23,'Johnny Dept','dept@gmail.com','Male','123456','User');
INSERT INTO accounts VALUES(24,'Cristian Richard','CristianRichard@gmail.com','Male','123456','User');
INSERT INTO accounts VALUES(25,'Blaine Mason','BlaineMason@gmail.com','Male','123456','User');
INSERT INTO accounts VALUES(26,'Kaitlynn Johnston','KaitlynnJohnston@gmail.com','Female','123456','User');
INSERT INTO accounts VALUES(27,'Miriam Gutierrez','MiriamGutierrez@gmail.com','Female','123456','User');
INSERT INTO accounts VALUES(28,'Preston Brock','PrestonBrock@gmail.com','Male','123456','User');
INSERT INTO accounts VALUES(29,'Aryana Doyle','AryanaDoyle@gmail.com','Female','123456','User');
INSERT INTO accounts VALUES(30,'Coby Pena','CobyPena@gmail.com','Male','123456','User');
INSERT INTO accounts VALUES(31,'Maximus Coffey','MaximusCoffey@gmail.com','Male','123456','User');
INSERT INTO accounts VALUES(32,'Isai Mcknight','IsaiMcknight@gmail.com','Male','123456','User');
INSERT INTO accounts VALUES(33,'Donavan Sawyer','DonavanSawyer@gmail.com','Male','123456','User');
INSERT INTO accounts VALUES(34,'Jensen Blair','JensenBlair@gmail.com','Female','123456','User');
INSERT INTO accounts VALUES(35,'Harry Martin','HarryMartin@gmail.com','Male','123456','User');
INSERT INTO accounts VALUES(36,'Julian Guerra','JulianGuerra@gmail.com','Male','123456','User');
INSERT INTO accounts VALUES(37,'Kali Byrd','KaliByrd@gmail.com','Female','123456','User');
INSERT INTO accounts VALUES(38,'Logan Mckee','LoganMckee@gmail.com','Male','123456','User');
INSERT INTO accounts VALUES(39,'Jade Gilmore','JadeGilmore@gmail.com','Male','123456','User');
INSERT INTO accounts VALUES(40,'Shawn Lambert','ShawnLambert@gmail.com','Male','123456','User');
INSERT INTO accounts VALUES(41,'Angela Brown','AngelaBrown@gmail.com','Female','123456','User');
INSERT INTO accounts VALUES(42,'Janet Johnson','JanetJohnson@gmail.com','Male','123456','User');
INSERT INTO accounts VALUES(43,'Arturo Lambert','ArturoLambert@gmail.com','Male','123456','User');
INSERT INTO accounts VALUES(44,'Clay Velez','ClayVelez@gmail.com','Female','123456','User');
INSERT INTO accounts VALUES(45,'Gerardo Browning','GerardoBrowning@gmail.com','Female','123456','User');
INSERT INTO accounts VALUES(46,'Lauren Morris','LaurenMorris@gmail.com','Female','123456','User');
INSERT INTO accounts VALUES(47,'Ahmad Conrad','AhmadConrad@gmail.com','Male','123456','User');
INSERT INTO accounts VALUES(48,'Leandro Mckenzie','LeandroMckenzie@gmail.com','Male','123456','User');
INSERT INTO accounts VALUES(49,'Macie Gonzales','MacieGonzales@gmail.com','Male','123456','User');
INSERT INTO accounts VALUES(50,'Nina Barrett','NinaBarrett@gmail.com','Female','123456','User');
INSERT INTO accounts VALUES(51,'Ray Wells','RayWells@gmail.com','Female','123456','User');
INSERT INTO accounts VALUES(52,'Cristopher Burgess','CristopherBurgess@gmail.com','Male','123456','User');
INSERT INTO accounts VALUES(53,'Atticus Lozano','AtticusLozano@gmail.com','Male','123456','User');
INSERT INTO accounts VALUES(54,'Mckinley David','MckinleyDavid@gmail.com','Male','123456','User');
INSERT INTO accounts VALUES(55,'Amiya Silva','AmiyaSilva@gmail.com','Female','123456','User');
INSERT INTO accounts VALUES(56,'Adrianna Griffith','AdriannaGriffith@gmail.com','Female','123456','User');
INSERT INTO accounts VALUES(57,'Theodore Suarez','TheodoreSuarez@gmail.com','Male','123456','User');
INSERT INTO accounts VALUES(58,'Abbie Woodward','AbbieWoodward@gmail.com','Male','123456','User');
INSERT INTO accounts VALUES(59,'Geovanni Villarreal','GeovanniVillarreal@gmail.com','Male','123456','User');
INSERT INTO accounts VALUES(60,'Damon Zuniga','DamonZuniga@gmail.com','Male','123456','User');
INSERT INTO accounts VALUES(61,'Axel Randolph','AxelRandolph@gmail.com','Male','123456','User');
INSERT INTO accounts VALUES(62,'Wade Mccall','WadeMccall@gmail.com','Male','123456','User');
INSERT INTO accounts VALUES(63,'Cristopher Foster','CristopherFoster@gmail.com','Male','123456','User');
INSERT INTO accounts VALUES(64,'Annabel Carpenter','AnnabelCarpenter@gmail.com','Male','123456','User');
INSERT INTO accounts VALUES(65,'Jordin Ayala','JordinAyala@gmail.com','Female','123456','User');
INSERT INTO accounts VALUES(66,'Elisa Haas','ElisaHaas@gmail.com','Male','123456','User');
INSERT INTO accounts VALUES(67,'Lexie Huerta','LexieHuerta@gmail.com','Female','123456','User');
INSERT INTO accounts VALUES(68,'Chase Maddox','ChaseMaddox@gmail.com','Male','123456','User');
INSERT INTO accounts VALUES(69,'Rodrigo Mccormick','RodrigoMccormick@gmail.com','Male','123456','User');
INSERT INTO accounts VALUES(70,'Enrique Ramsey','EnriqueRamsey@gmail.com','Male','123456','User');
INSERT INTO accounts VALUES(71,'Kira Carson','KiraCarson@gmail.com','Female','123456','User');
INSERT INTO accounts VALUES(72,'Kelton Weeks','KeltonWeeks@gmail.com','Female','123456','User');
INSERT INTO accounts VALUES(73,'Jaylene Liu','JayleneLiu@gmail.com','Male','123456','User');
CREATE TABLE accountStatus(
CardId INTEGER,
AccId INTEGER, 
VerifId INTEGER,
NumTrips INTEGER,
Expenditure INTEGER,
Balance INTEGER,
PRIMARY KEY (AccId, CardId),
FOREIGN KEY (AccId) references accounts(AccId),
FOREIGN KEY (VerifId) references verifications(VerifId));
INSERT INTO accountStatus VALUES(123,1,1,8,1080,9320);
INSERT INTO accountStatus VALUES(124,2,2,10,1390,8610);
INSERT INTO accountStatus VALUES(127,5,5,9,1400,8600);
INSERT INTO accountStatus VALUES(103,3,13,2,140,5360);
INSERT INTO accountStatus VALUES(118,18,19,3,160,940);
INSERT INTO accountStatus VALUES(119,19,20,3,270,49730);
INSERT INTO accountStatus VALUES(120,20,21,3,280,420);
INSERT INTO accountStatus VALUES(121,21,22,3,490,5510);
INSERT INTO accountStatus VALUES(122,22,23,0,0,0);
INSERT INTO accountStatus VALUES(112,12,17,0,0,0);
INSERT INTO accountStatus VALUES(123,23,24,0,0,0);
INSERT INTO accountStatus VALUES(124,24,25,0,0,0);
INSERT INTO accountStatus VALUES(113,13,26,0,0,0);
INSERT INTO accountStatus VALUES(126,26,27,0,0,0);
INSERT INTO accountStatus VALUES(128,28,28,6,770,10630);
INSERT INTO accountStatus VALUES(130,30,30,6,490,1910);
INSERT INTO accountStatus VALUES(135,35,31,8,990,2670);
INSERT INTO accountStatus VALUES(136,36,32,2,70,2430);
INSERT INTO accountStatus VALUES(139,39,33,7,750,4750);
INSERT INTO accountStatus VALUES(125,25,34,0,0,0);
INSERT INTO accountStatus VALUES(131,31,35,7,970,630);
INSERT INTO accountStatus VALUES(137,37,36,6,650,2450);
INSERT INTO accountStatus VALUES(141,41,38,6,850,1550);
INSERT INTO accountStatus VALUES(144,44,39,6,870,1330);
INSERT INTO accountStatus VALUES(133,33,40,7,540,1460);
INSERT INTO accountStatus VALUES(143,43,42,6,700,5300);
INSERT INTO accountStatus VALUES(173,73,43,8,1070,2630);
INSERT INTO accountStatus VALUES(138,38,37,7,950,1450);
INSERT INTO accountStatus VALUES(148,48,46,6,600,1400);
INSERT INTO accountStatus VALUES(146,46,47,6,340,5560);
INSERT INTO accountStatus VALUES(151,51,48,10,1140,4760);
INSERT INTO accountStatus VALUES(153,53,51,2,330,770);
INSERT INTO accountStatus VALUES(155,55,52,5,470,1530);
INSERT INTO accountStatus VALUES(145,45,44,5,580,1420);
INSERT INTO accountStatus VALUES(147,47,45,8,690,4810);
INSERT INTO accountStatus VALUES(142,42,41,7,840,4660);
INSERT INTO accountStatus VALUES(149,49,49,2,330,570);
INSERT INTO accountStatus VALUES(160,60,55,7,740,2360);
INSERT INTO accountStatus VALUES(161,61,57,2,330,1670);
INSERT INTO accountStatus VALUES(163,63,58,5,470,1730);
INSERT INTO accountStatus VALUES(165,65,60,1,300,200);
INSERT INTO accountStatus VALUES(166,66,61,1,40,1060);
INSERT INTO accountStatus VALUES(167,67,62,2,150,1850);
INSERT INTO accountStatus VALUES(169,69,63,6,690,4810);
INSERT INTO accountStatus VALUES(170,70,64,5,720,1280);
INSERT INTO accountStatus VALUES(157,57,56,5,520,1980);
INSERT INTO accountStatus VALUES(164,64,59,4,420,2180);
INSERT INTO accountStatus VALUES(172,72,66,5,240,5260);
CREATE TABLE cardDelivery(
DeliveryId INTEGER PRIMARY KEY AUTOINCREMENT,
AccId INTEGER,
DelDate DATE,
DelStat TEXT,
VerifId INTEGER,
FOREIGN KEY (AccId) references accounts(AccId),
FOREIGN KEY (VerifId) references verifications(VerifId));
INSERT INTO cardDelivery VALUES(1,1,'2021-12-16','Delivered',1);
INSERT INTO cardDelivery VALUES(2,3,'2021-12-21','Delivered',2);
INSERT INTO cardDelivery VALUES(3,4,'2021-12-22','On-The-Way',3);
INSERT INTO cardDelivery VALUES(4,3,'2023-4-26','Delivered',13);
INSERT INTO cardDelivery VALUES(5,12,'2023-02-02','Delivered',18);
INSERT INTO cardDelivery VALUES(6,18,'2023-9-29','Delivered',19);
INSERT INTO cardDelivery VALUES(7,19,'2023-12-29','Pending',20);
INSERT INTO cardDelivery VALUES(8,20,'2023-9-9','Delivered',21);
INSERT INTO cardDelivery VALUES(9,21,'2023-11-17','Delivered',22);
INSERT INTO cardDelivery VALUES(10,22,'2023-9-26','Delivered',23);
INSERT INTO cardDelivery VALUES(11,12,'2023-4-27','Delivered',17);
INSERT INTO cardDelivery VALUES(12,23,'2023-4-2','Delivered',24);
INSERT INTO cardDelivery VALUES(13,24,'2023-3-19','Delivered',25);
INSERT INTO cardDelivery VALUES(14,13,'2023-4-15','Delivered',26);
INSERT INTO cardDelivery VALUES(15,26,'2023-3-4','On-The-Way',27);
INSERT INTO cardDelivery VALUES(16,28,'2023-6-16','Delivered',28);
INSERT INTO cardDelivery VALUES(17,30,'2023-7-17','Delivered',30);
INSERT INTO cardDelivery VALUES(18,35,'2023-7-25','Delivered',31);
INSERT INTO cardDelivery VALUES(19,36,'2023-5-24','Delivered',32);
INSERT INTO cardDelivery VALUES(20,39,'2023-10-28','Delivered',33);
INSERT INTO cardDelivery VALUES(21,25,'2023-8-10','Delivered',34);
INSERT INTO cardDelivery VALUES(22,31,'2023-10-12','Delivered',35);
INSERT INTO cardDelivery VALUES(23,37,'2023-5-30','Delivered',36);
INSERT INTO cardDelivery VALUES(24,41,'2023-1-8','Delivered',38);
INSERT INTO cardDelivery VALUES(25,44,'2023-8-2','Delivered',39);
INSERT INTO cardDelivery VALUES(26,33,'2023-4-28','Pending',40);
INSERT INTO cardDelivery VALUES(27,43,'2023-12-15','Pending',42);
INSERT INTO cardDelivery VALUES(28,73,'2023-3-3','Pending',43);
INSERT INTO cardDelivery VALUES(29,38,'2023-7-8','On-The-Way',37);
INSERT INTO cardDelivery VALUES(30,48,'2023-6-1','Delivered',46);
INSERT INTO cardDelivery VALUES(31,46,'2023-7-3','Delivered',47);
INSERT INTO cardDelivery VALUES(32,51,'2023-5-14','Delivered',48);
INSERT INTO cardDelivery VALUES(33,53,'2023-2-23','Delivered',51);
INSERT INTO cardDelivery VALUES(34,55,'2023-12-13','Delivered',52);
INSERT INTO cardDelivery VALUES(35,45,'2023-6-9','Delivered',44);
INSERT INTO cardDelivery VALUES(36,47,'2023-11-22','Delivered',45);
INSERT INTO cardDelivery VALUES(37,42,'2023-6-23','Delivered',41);
INSERT INTO cardDelivery VALUES(38,49,'2023-4-28','Delivered',49);
INSERT INTO cardDelivery VALUES(39,60,'2023-5-29','Delivered',55);
INSERT INTO cardDelivery VALUES(40,61,'2023-1-2','Delivered',57);
INSERT INTO cardDelivery VALUES(41,63,'2023-8-17','Delivered',58);
INSERT INTO cardDelivery VALUES(42,65,'2023-6-27','On-The-Way',60);
INSERT INTO cardDelivery VALUES(43,66,'2023-6-18','Delivered',61);
INSERT INTO cardDelivery VALUES(44,67,'2023-7-11','Delivered',62);
INSERT INTO cardDelivery VALUES(45,69,'2023-8-21','Delivered',63);
INSERT INTO cardDelivery VALUES(46,70,'2023-3-28','Delivered',64);
INSERT INTO cardDelivery VALUES(47,57,'2023-9-18','Delivered',56);
INSERT INTO cardDelivery VALUES(48,64,'2023-4-1','Delivered',59);
INSERT INTO cardDelivery VALUES(49,72,'2023-6-3','Delivered',66);
CREATE TABLE complaint(
ComplaintId INTEGER PRIMARY KEY AUTOINCREMENT,
AccId INTEGER,
ComplaintSubj TEXT,
ComplaintText TEXT,
FOREIGN KEY (AccId) references accounts(AccId));
INSERT INTO complaint VALUES(1,1,'Login Error','I have been trying to log into my account, but I am being redirected to a page saying Internal Server Error');
INSERT INTO complaint VALUES(3,3,'Verfication not progressing','How long will the verification process be going on for? it is saying peding forever now.');
INSERT INTO complaint VALUES(4,3,'Confused about booking','How do I know where to go in my destination and book a trip, I am an old man and do not know what to do, can I get a step by step guide or a tutorial?');
INSERT INTO complaint VALUES(5,4,'Bio Location','Where do you go for the bio verification process? I cannot seem to find the address.');
INSERT INTO complaint VALUES(6,3,'Loading Error','I have been trying to access various pages but it seems to buffer forever. Please migrate to a better hosting website of fix your server asap. Thank you.');
INSERT INTO complaint VALUES(7,18,'Why can''t I see anything',replace(replace('I just applied for my car but I can''t see any  options. Is this a bug?\r\n','\r',char(13)),'\n',char(10)));
CREATE TABLE phone(
AccId INTEGER,
PhoneNumber TEXT,
PRIMARY KEY (AccId, PhoneNumber),
FOREIGN KEY (AccId) references accounts(AccId));
INSERT INTO phone VALUES(1,'+8801698798789');
INSERT INTO phone VALUES(1,'+8801657655668');
INSERT INTO phone VALUES(2,'+8801634391575');
INSERT INTO phone VALUES(3,'+8801897987877');
INSERT INTO phone VALUES(4,'+8801489769489');
INSERT INTO phone VALUES(4,'+8801476589799');
INSERT INTO phone VALUES(5,'+8801757674654');
INSERT INTO phone VALUES(5,'+8801789754654');
INSERT INTO phone VALUES(6,'+8801713151154');
INSERT INTO phone VALUES(11,'+8801634394532');
INSERT INTO phone VALUES(12,'+8801713096598');
INSERT INTO phone VALUES(12,'+8801713026578');
INSERT INTO phone VALUES(13,'+8801634393322');
INSERT INTO phone VALUES(14,'+8801713096222');
INSERT INTO phone VALUES(15,'+8801713196222');
INSERT INTO phone VALUES(16,'+8801713196222');
INSERT INTO phone VALUES(17,'+8801713196222');
INSERT INTO phone VALUES(18,'+8801713196222');
INSERT INTO phone VALUES(19,'+8801713157881');
INSERT INTO phone VALUES(20,'+8801713196988');
INSERT INTO phone VALUES(21,'+8801634323132');
INSERT INTO phone VALUES(22,'+8801713196988');
INSERT INTO phone VALUES(23,'+8801713196222');
INSERT INTO phone VALUES(24,'+880152425156');
INSERT INTO phone VALUES(24,'+880126381937');
INSERT INTO phone VALUES(25,'+880178102493');
INSERT INTO phone VALUES(25,'+880145082534');
INSERT INTO phone VALUES(26,'+880118113444');
INSERT INTO phone VALUES(27,'+880139095699');
INSERT INTO phone VALUES(28,'+880195694081');
INSERT INTO phone VALUES(29,'+880131037148');
INSERT INTO phone VALUES(30,'+880179646277');
INSERT INTO phone VALUES(30,'+880151150328');
INSERT INTO phone VALUES(31,'+880196158249');
INSERT INTO phone VALUES(32,'+880185136639');
INSERT INTO phone VALUES(33,'+880173781054');
INSERT INTO phone VALUES(34,'+880158045897');
INSERT INTO phone VALUES(34,'+880155970000');
INSERT INTO phone VALUES(35,'+880149500111');
INSERT INTO phone VALUES(35,'+880184011650');
INSERT INTO phone VALUES(36,'+880127375084');
INSERT INTO phone VALUES(37,'+880183278547');
INSERT INTO phone VALUES(37,'+880170852724');
INSERT INTO phone VALUES(38,'+880159890691');
INSERT INTO phone VALUES(38,'+880132376679');
INSERT INTO phone VALUES(39,'+880189062755');
INSERT INTO phone VALUES(40,'+880144012385');
INSERT INTO phone VALUES(41,'+880165523964');
INSERT INTO phone VALUES(41,'+880142877227');
INSERT INTO phone VALUES(42,'+880134062065');
INSERT INTO phone VALUES(42,'+880155256680');
INSERT INTO phone VALUES(43,'+880124492295');
INSERT INTO phone VALUES(44,'+880137152329');
INSERT INTO phone VALUES(45,'+880123045732');
INSERT INTO phone VALUES(45,'+880138209076');
INSERT INTO phone VALUES(46,'+880197619495');
INSERT INTO phone VALUES(47,'+880146554841');
INSERT INTO phone VALUES(47,'+880153639956');
INSERT INTO phone VALUES(48,'+880130706473');
INSERT INTO phone VALUES(48,'+880115090207');
INSERT INTO phone VALUES(49,'+880182297175');
INSERT INTO phone VALUES(49,'+880146304703');
INSERT INTO phone VALUES(50,'+880151660238');
INSERT INTO phone VALUES(51,'+880197607621');
INSERT INTO phone VALUES(51,'+880132357621');
INSERT INTO phone VALUES(52,'+880125294877');
INSERT INTO phone VALUES(52,'+880170904008');
INSERT INTO phone VALUES(53,'+880178518132');
INSERT INTO phone VALUES(53,'+880141800239');
INSERT INTO phone VALUES(54,'+880176933256');
INSERT INTO phone VALUES(54,'+880141485225');
INSERT INTO phone VALUES(55,'+880137089288');
INSERT INTO phone VALUES(56,'+880169308109');
INSERT INTO phone VALUES(57,'+880120305274');
INSERT INTO phone VALUES(57,'+880173425275');
INSERT INTO phone VALUES(58,'+880193088287');
INSERT INTO phone VALUES(58,'+880152231945');
INSERT INTO phone VALUES(59,'+880154682333');
INSERT INTO phone VALUES(59,'+880167570154');
INSERT INTO phone VALUES(60,'+880146090474');
INSERT INTO phone VALUES(60,'+880186850569');
INSERT INTO phone VALUES(61,'+880117349650');
INSERT INTO phone VALUES(62,'+880188614819');
INSERT INTO phone VALUES(62,'+880153979272');
INSERT INTO phone VALUES(63,'+880122052417');
INSERT INTO phone VALUES(63,'+880192186347');
INSERT INTO phone VALUES(64,'+880198659648');
INSERT INTO phone VALUES(64,'+880140468308');
INSERT INTO phone VALUES(65,'+880142583232');
INSERT INTO phone VALUES(65,'+880198404570');
INSERT INTO phone VALUES(66,'+880160762049');
INSERT INTO phone VALUES(67,'+880123883961');
INSERT INTO phone VALUES(67,'+880181362181');
INSERT INTO phone VALUES(68,'+880188895320');
INSERT INTO phone VALUES(68,'+880152024823');
INSERT INTO phone VALUES(69,'+880114321923');
INSERT INTO phone VALUES(69,'+880114563513');
INSERT INTO phone VALUES(70,'+880186029689');
INSERT INTO phone VALUES(71,'+880120308198');
INSERT INTO phone VALUES(71,'+880136273357');
INSERT INTO phone VALUES(72,'+880197709653');
INSERT INTO phone VALUES(72,'+880136822100');
INSERT INTO phone VALUES(73,'+880124900693');
INSERT INTO phone VALUES(73,'+880135545184');
INSERT INTO phone VALUES(74,'+880124900693');
INSERT INTO phone VALUES(74,'+880135545184');
CREATE TABLE userAccount(
AccId INTEGER,
NID INTEGER,
DOB DATE,
IsVerified TEXT,
PRIMARY KEY (AccId),
FOREIGN KEY (AccId) REFERENCES accounts(AccId));
INSERT INTO userAccount VALUES(1,2166959320,1968,'Yes');
INSERT INTO userAccount VALUES(3,9493067858,'1966-01-29','YES');
INSERT INTO userAccount VALUES(4,9493067858,'1966-01-29','YES');
INSERT INTO userAccount VALUES(11,9493067858,'1966-01-29','YES');
INSERT INTO userAccount VALUES(12,2116959420,'2002-05-17','YES');
INSERT INTO userAccount VALUES(13,2166959444,'1987-06-24','YES');
INSERT INTO userAccount VALUES(18,9493067722,'2007-04-28','YES');
INSERT INTO userAccount VALUES(19,9493058996,'1966-02-15','YES');
INSERT INTO userAccount VALUES(20,9493067110,'2002-04-22','YES');
INSERT INTO userAccount VALUES(21,2166951212,'2006-06-08','YES');
INSERT INTO userAccount VALUES(22,2116959420,'1985-06-27','YES');
INSERT INTO userAccount VALUES(23,2373504662,'1985-06-27','YES');
INSERT INTO userAccount VALUES(24,5681668236,'1962-10-21','YES');
INSERT INTO userAccount VALUES(25,8295670464,'1988-08-12','YES');
INSERT INTO userAccount VALUES(26,7888451123,'1981-09-30','YES');
INSERT INTO userAccount VALUES(27,'NULL','NUL','No');
INSERT INTO userAccount VALUES(28,7773168335,'1987-03-26','YES');
INSERT INTO userAccount VALUES(29,6082557492,'1985-10-26','YES');
INSERT INTO userAccount VALUES(30,9100100604,'1960-12-17','YES');
INSERT INTO userAccount VALUES(31,7486742503,'1989-03-16','YES');
INSERT INTO userAccount VALUES(32,'NULL','NUL','No');
INSERT INTO userAccount VALUES(33,812619973,'1969-02-03','YES');
INSERT INTO userAccount VALUES(34,1008623448,'1969-11-28','Pending');
INSERT INTO userAccount VALUES(35,4100197341,'1982-04-11','YES');
INSERT INTO userAccount VALUES(36,428597594,'1996-01-30','YES');
INSERT INTO userAccount VALUES(37,9218541452,'1979-05-05','YES');
INSERT INTO userAccount VALUES(38,407783462,'1995-11-17','YES');
INSERT INTO userAccount VALUES(39,6767757059,'2000-05-16','YES');
INSERT INTO userAccount VALUES(40,161953836,'1969-03-08','Pending');
INSERT INTO userAccount VALUES(41,9853831409,'1989-06-14','YES');
INSERT INTO userAccount VALUES(42,2743438360,'1979-05-26','YES');
INSERT INTO userAccount VALUES(43,4468495234,'1980-06-03','YES');
INSERT INTO userAccount VALUES(44,9456381133,'2002-05-05','YES');
INSERT INTO userAccount VALUES(45,5581094769,'1972-08-12','YES');
INSERT INTO userAccount VALUES(46,5228366730,'1969-03-01','YES');
INSERT INTO userAccount VALUES(47,7896628288,'1977-04-26','YES');
INSERT INTO userAccount VALUES(48,2737264767,'1994-11-19','YES');
INSERT INTO userAccount VALUES(49,203911781,'1998-03-09','YES');
INSERT INTO userAccount VALUES(50,2677746277,'1997-06-11','Pending');
INSERT INTO userAccount VALUES(51,7886996089,'2002-12-14','YES');
INSERT INTO userAccount VALUES(52,2528771539,'1961-02-15','YES');
INSERT INTO userAccount VALUES(53,1464313477,'1972-10-15','YES');
INSERT INTO userAccount VALUES(54,7654945498,'1992-02-14','YES');
INSERT INTO userAccount VALUES(55,822741505,'1966-02-21','YES');
INSERT INTO userAccount VALUES(56,2800749796,'1966-10-21','Pending');
INSERT INTO userAccount VALUES(57,7403226969,'1979-06-16','YES');
INSERT INTO userAccount VALUES(58,2933302351,'1998-05-09','Pending');
INSERT INTO userAccount VALUES(59,6152455157,'1960-02-23','YES');
INSERT INTO userAccount VALUES(60,4028741322,'1973-01-12','YES');
INSERT INTO userAccount VALUES(61,8169156815,'1985-02-19','YES');
INSERT INTO userAccount VALUES(62,3508084135,'1963-09-12','Pending');
INSERT INTO userAccount VALUES(63,5138176566,'2003-05-25','YES');
INSERT INTO userAccount VALUES(64,8495245998,'1975-09-08','YES');
INSERT INTO userAccount VALUES(65,760760262,'1990-12-18','YES');
INSERT INTO userAccount VALUES(66,7433836354,'1979-05-21','YES');
INSERT INTO userAccount VALUES(67,9262296038,'2005-08-15','YES');
INSERT INTO userAccount VALUES(68,6557637894,'1972-01-30','Pending');
INSERT INTO userAccount VALUES(69,9901863109,'1980-01-08','YES');
INSERT INTO userAccount VALUES(70,9615839961,'2003-02-05','YES');
INSERT INTO userAccount VALUES(71,1340536141,'1961-05-20','YES');
INSERT INTO userAccount VALUES(72,4617905965,'1961-11-03','YES');
INSERT INTO userAccount VALUES(73,4272853320,'1990-05-01','YES');
INSERT INTO userAccount VALUES(74,'NULL','NUL','No');
CREATE TABLE officialAccount(
AccId INTEGER,
IsVerified TEXT,
NumRequest INTEGER,
PRIMARY KEY (AccId),
FOREIGN KEY (AccId) REFERENCES accounts(AccId));
INSERT INTO officialAccount VALUES(5,'Yes',49);
INSERT INTO officialAccount VALUES(6,'Pending',20);
CREATE TABLE faqList (
    faqID INTEGER PRIMARY KEY AUTOINCREMENT,
    faqSub  TEXT,
    faqText TEXT
);
INSERT INTO faqList VALUES(1,'How to Login','First go to the signup page, fill in your information, and press the signup button');
INSERT INTO faqList VALUES(2,'How to add funds','Go to the transaction window, fill in your information, followed by your card details and everything else, select the amoung and goooooo');
INSERT INTO faqList VALUES(3,'Is this site legit?','Well ofcorse this is legit. This is made by the govt of bd and you can trust us with every single way.');
INSERT INTO faqList VALUES(4,'Can I get hacked?','Your password and informations are not accessible, and the password is hashed, if you don''t make a password too easy to guess, then you won''t be hacked easily');
INSERT INTO faqList VALUES(5,'When will the metro rail start?','Noting that the metro rail service will be launched up to Motijheel by December 2023 and Kamalapur by June 2025, Siddique said a train from Uttara north station will reach Agargaon station within 20 minutes while it will take only 40 minutes to reach Kamalapur station once the service goes on a full operation.');
INSERT INTO faqList VALUES(6,'Destinations?','The line will have 12 underground stations. Stations will be constructed at Shahjalal International Airport, Shahjalal International Airport Teminal 3, Khilkhet, Jamuna Future Park, Notun Bazar, Uttar Badda, Badda, Hatirjheel East, Rampura, Malibagh, Rajarbagh and Kamalapur Railway Station.');
INSERT INTO faqList VALUES(7,'Verification process','Your file will first be verified by officials after which you will be called for the bio verifcation. Finally after everything your application will be verified and you will be able to see your card''s status');
CREATE TABLE transactions(
TransId INTEGER PRIMARY KEY AUTOINCREMENT,
AccId INTEGER,
CardId INTEGER,
Amount INTEGER,
Date DATE,
FOREIGN KEY (AccId) references accounts(AccId));
INSERT INTO transactions VALUES(1,1,101,1000,'2022-01-07');
INSERT INTO transactions VALUES(2,1,101,2000,'2022-02-16');
INSERT INTO transactions VALUES(3,3,103,3000,'2022-06-28');
INSERT INTO transactions VALUES(4,4,104,4000,'2022-07-01');
INSERT INTO transactions VALUES(5,1,101,5500,'2022-07-03');
INSERT INTO transactions VALUES(6,1,101,2000,'2022-07-03');
INSERT INTO transactions VALUES(7,1,101,1100,'2022-07-03');
INSERT INTO transactions VALUES(8,1,101,200,'2022-07-05');
INSERT INTO transactions VALUES(9,1,101,400,'2022-07-11');
INSERT INTO transactions VALUES(10,3,103,5500,'2022-07-07');
INSERT INTO transactions VALUES(11,18,118,1100,'2022-08-09');
INSERT INTO transactions VALUES(12,19,119,50000,'2022-07-15');
INSERT INTO transactions VALUES(13,20,120,500,'2022-07-22');
INSERT INTO transactions VALUES(14,20,120,200,'2022-07-03');
INSERT INTO transactions VALUES(15,21,121,6000,'2022-12-26');
INSERT INTO transactions VALUES(16,28,128,5500,'2022-07-05');
INSERT INTO transactions VALUES(17,28,128,400,'2022-07-05');
INSERT INTO transactions VALUES(18,28,128,5500,'2022-07-11');
INSERT INTO transactions VALUES(19,30,130,2000,'2022-07-07');
INSERT INTO transactions VALUES(20,30,130,400,'2022-07-05');
INSERT INTO transactions VALUES(21,31,131,500,'2022-08-09');
INSERT INTO transactions VALUES(22,31,131,1100,'2022-07-11');
INSERT INTO transactions VALUES(23,33,133,2000,'2022-08-09');
INSERT INTO transactions VALUES(24,35,135,2560,'2022-07-03');
INSERT INTO transactions VALUES(25,35,135,1100,'2022-08-09');
INSERT INTO transactions VALUES(26,36,136,2000,'2022-07-15');
INSERT INTO transactions VALUES(27,36,136,500,'2022-07-05');
INSERT INTO transactions VALUES(28,37,137,1100,'2022-07-11');
INSERT INTO transactions VALUES(29,37,137,2000,'2022-07-07');
INSERT INTO transactions VALUES(30,38,138,400,'2022-07-07');
INSERT INTO transactions VALUES(31,38,138,2000,'2022-07-05');
INSERT INTO transactions VALUES(32,39,139,5500,'2022-07-15');
INSERT INTO transactions VALUES(33,41,141,400,'2022-07-07');
INSERT INTO transactions VALUES(34,41,141,2000,'2022-08-09');
INSERT INTO transactions VALUES(35,42,142,5500,'2022-08-09');
INSERT INTO transactions VALUES(36,43,143,500,'2022-07-15');
INSERT INTO transactions VALUES(37,43,143,5500,'2022-07-07');
INSERT INTO transactions VALUES(38,44,144,200,'2022-07-11');
INSERT INTO transactions VALUES(39,44,144,2000,'2022-08-09');
INSERT INTO transactions VALUES(40,45,145,2000,'2022-07-03');
INSERT INTO transactions VALUES(41,46,146,400,'2022-07-05');
INSERT INTO transactions VALUES(42,46,146,5500,'2022-08-09');
INSERT INTO transactions VALUES(43,47,147,5500,'2022-07-11');
INSERT INTO transactions VALUES(44,48,148,2000,'2022-07-11');
INSERT INTO transactions VALUES(45,49,149,500,'2022-07-07');
INSERT INTO transactions VALUES(46,49,149,400,'2022-07-15');
INSERT INTO transactions VALUES(47,51,151,400,'2022-07-05');
INSERT INTO transactions VALUES(48,51,151,5500,'2022-08-09');
INSERT INTO transactions VALUES(49,53,153,1100,'2022-07-11');
INSERT INTO transactions VALUES(50,55,155,2000,'2022-07-07');
INSERT INTO transactions VALUES(51,57,157,500,'2022-07-05');
INSERT INTO transactions VALUES(52,57,157,2000,'2022-08-09');
INSERT INTO transactions VALUES(53,60,160,1100,'2022-07-07');
INSERT INTO transactions VALUES(54,60,160,2000,'');
INSERT INTO transactions VALUES(55,61,161,2000,'2022-07-11');
INSERT INTO transactions VALUES(56,63,163,200,'2022-07-11');
INSERT INTO transactions VALUES(57,63,163,2000,'2022-07-13');
INSERT INTO transactions VALUES(58,64,164,2600,'2022-07-30');
INSERT INTO transactions VALUES(59,65,165,500,'2022-07-05');
INSERT INTO transactions VALUES(60,66,166,1100,'2022-07-11');
INSERT INTO transactions VALUES(61,67,167,2000,'2022-07-11');
INSERT INTO transactions VALUES(62,69,169,5500,'2022-07-03');
INSERT INTO transactions VALUES(63,70,170,2000,'2022-08-09');
INSERT INTO transactions VALUES(64,72,172,5500,'2022-07-11');
INSERT INTO transactions VALUES(65,73,173,3700,'2022-07-11');
CREATE TABLE verifications(
VerifId INTEGER PRIMARY KEY AUTOINCREMENT,
AccId INTEGER,
BioStat TEXT,
BioDate DATE,
FOREIGN KEY (AccId) REFERENCES accounts(AccId));
INSERT INTO verifications VALUES(8,1,'Approved','2022-12-16');
INSERT INTO verifications VALUES(13,3,'Approved','2023-5-15');
INSERT INTO verifications VALUES(16,4,'Pending','2023-12-8');
INSERT INTO verifications VALUES(17,12,'Approved','2023-9-18');
INSERT INTO verifications VALUES(18,12,'Approved','2022-01-21');
INSERT INTO verifications VALUES(19,18,'Approved','2023-5-29');
INSERT INTO verifications VALUES(20,19,'Approved','2023-1-11');
INSERT INTO verifications VALUES(21,20,'Approved','2023-8-8');
INSERT INTO verifications VALUES(22,21,'Approved','2023-1-11');
INSERT INTO verifications VALUES(23,22,'Approved','2023-11-20');
INSERT INTO verifications VALUES(24,23,'Approved','2023-9-12');
INSERT INTO verifications VALUES(25,24,'Approved','2023-6-15');
INSERT INTO verifications VALUES(26,13,'Approved','2023-2-27');
INSERT INTO verifications VALUES(27,26,'Approved','2023-2-14');
INSERT INTO verifications VALUES(28,28,'Approved','2023-1-23');
INSERT INTO verifications VALUES(29,29,'Pending','2023-5-8');
INSERT INTO verifications VALUES(30,30,'Approved','2023-2-19');
INSERT INTO verifications VALUES(31,35,'Approved','2023-4-25');
INSERT INTO verifications VALUES(32,36,'Approved','2023-11-2');
INSERT INTO verifications VALUES(33,39,'Approved','2023-11-23');
INSERT INTO verifications VALUES(34,25,'Approved','2023-6-28');
INSERT INTO verifications VALUES(35,31,'Approved','2023-5-22');
INSERT INTO verifications VALUES(36,37,'Approved','2023-2-23');
INSERT INTO verifications VALUES(37,38,'Approved','2023-3-18');
INSERT INTO verifications VALUES(38,41,'Approved','2023-12-13');
INSERT INTO verifications VALUES(39,44,'Approved','2023-1-12');
INSERT INTO verifications VALUES(40,33,'Approved','2023-7-18');
INSERT INTO verifications VALUES(41,42,'Approved','2023-1-8');
INSERT INTO verifications VALUES(42,43,'Approved','2023-3-6');
INSERT INTO verifications VALUES(43,73,'Approved','2023-3-19');
INSERT INTO verifications VALUES(44,45,'Approved','2023-7-24');
INSERT INTO verifications VALUES(45,47,'Approved','2023-9-11');
INSERT INTO verifications VALUES(46,48,'Approved','2023-4-10');
INSERT INTO verifications VALUES(47,46,'Approved','2023-11-21');
INSERT INTO verifications VALUES(48,51,'Approved','2023-8-30');
INSERT INTO verifications VALUES(49,49,'Approved','2023-8-23');
INSERT INTO verifications VALUES(50,52,'Pending','2023-7-21');
INSERT INTO verifications VALUES(51,53,'Approved','2023-7-4');
INSERT INTO verifications VALUES(52,55,'Approved','2023-1-4');
INSERT INTO verifications VALUES(53,54,'Pending','2023-1-11');
INSERT INTO verifications VALUES(54,59,'Pending','2023-10-8');
INSERT INTO verifications VALUES(55,60,'Approved','2023-5-1');
INSERT INTO verifications VALUES(56,57,'Approved','2023-12-25');
INSERT INTO verifications VALUES(57,61,'Approved','2023-7-12');
INSERT INTO verifications VALUES(58,63,'Approved','2023-4-15');
INSERT INTO verifications VALUES(59,64,'Approved','2023-7-20');
INSERT INTO verifications VALUES(60,65,'Approved','2023-8-24');
INSERT INTO verifications VALUES(61,66,'Approved','2023-9-13');
INSERT INTO verifications VALUES(62,67,'Approved','2023-4-27');
INSERT INTO verifications VALUES(63,69,'Approved','2023-4-2');
INSERT INTO verifications VALUES(64,70,'Approved','2023-5-17');
INSERT INTO verifications VALUES(65,71,'Pending','2023-1-21');
INSERT INTO verifications VALUES(66,72,'Approved','2023-4-28');
CREATE TABLE trip(
TripId INTEGER PRIMARY KEY AUTOINCREMENT,
TrainName TEXT,
Date DATE,
TripTime TIME,
Dest TEXT,
AvailSeat INTEGER,
TotalSeat INTEGER,  
Cost INTEGER);
INSERT INTO trip VALUES(3,'Pallabi Choo Choo','2022-04-03','03:15:00','Pallabi',-3,550,30);
INSERT INTO trip VALUES(5,'Mirpur 10 JhigJhig','2022-04-6','02:30:00','Mirpur 10',15,1500,40);
INSERT INTO trip VALUES(7,'Chennai Express','2022-04-09','05:15:00','Chennai',671,690,200);
INSERT INTO trip VALUES(8,'Vellore Express','2022-04-10','04:15:00','Vellore',183,200,50);
INSERT INTO trip VALUES(9,'Mohonganj Express','2023-01-01','12:00:00','Mohonganj',589,600,250);
INSERT INTO trip VALUES(10,'Rajdhani Bullet','2022-04-07','01:15:00','Uttara',184,200,20);
INSERT INTO trip VALUES(11,'Titan VrumVrummm','2022-05-14','05:15:00','Japan Garden',636,650,50);
INSERT INTO trip VALUES(12,'Super Fast Express','2022-08-02','10:15:00','Sylhet',241,250,100);
INSERT INTO trip VALUES(13,'Cutu Express','2022-08-12','03:45:00','Uttara Sector 13',175,200,300);
INSERT INTO trip VALUES(14,'Hogwarts Express','2022-03-12','05:15:00','Hogwarts',628,650,100);
CREATE TABLE booking(
AccId INTEGER,
TripId INTEGER,
PRIMARY KEY(AccId, TripId),
FOREIGN KEY (AccId) references accounts(AccId));
INSERT INTO booking VALUES(3,4);
INSERT INTO booking VALUES(3,3);
INSERT INTO booking VALUES(4,2);
INSERT INTO booking VALUES(1,2);
INSERT INTO booking VALUES(1,3);
INSERT INTO booking VALUES(3,5);
INSERT INTO booking VALUES(18,2);
INSERT INTO booking VALUES(18,5);
INSERT INTO booking VALUES(18,6);
INSERT INTO booking VALUES(3,6);
INSERT INTO booking VALUES(19,3);
INSERT INTO booking VALUES(19,5);
INSERT INTO booking VALUES(19,7);
INSERT INTO booking VALUES(20,3);
INSERT INTO booking VALUES(20,7);
INSERT INTO booking VALUES(20,8);
INSERT INTO booking VALUES(21,5);
INSERT INTO booking VALUES(21,7);
INSERT INTO booking VALUES(21,9);
INSERT INTO booking VALUES(28,3);
INSERT INTO booking VALUES(28,5);
INSERT INTO booking VALUES(28,8);
INSERT INTO booking VALUES(28,9);
INSERT INTO booking VALUES(28,13);
INSERT INTO booking VALUES(28,14);
INSERT INTO booking VALUES(30,3);
INSERT INTO booking VALUES(30,5);
INSERT INTO booking VALUES(30,7);
INSERT INTO booking VALUES(30,10);
INSERT INTO booking VALUES(30,12);
INSERT INTO booking VALUES(30,14);
INSERT INTO booking VALUES(31,3);
INSERT INTO booking VALUES(31,5);
INSERT INTO booking VALUES(31,7);
INSERT INTO booking VALUES(31,8);
INSERT INTO booking VALUES(31,9);
INSERT INTO booking VALUES(31,13);
INSERT INTO booking VALUES(31,14);
INSERT INTO booking VALUES(33,3);
INSERT INTO booking VALUES(33,5);
INSERT INTO booking VALUES(33,7);
INSERT INTO booking VALUES(33,8);
INSERT INTO booking VALUES(33,10);
INSERT INTO booking VALUES(33,12);
INSERT INTO booking VALUES(33,14);
INSERT INTO booking VALUES(35,3);
INSERT INTO booking VALUES(35,5);
INSERT INTO booking VALUES(35,7);
INSERT INTO booking VALUES(35,9);
INSERT INTO booking VALUES(35,10);
INSERT INTO booking VALUES(35,13);
INSERT INTO booking VALUES(35,11);
INSERT INTO booking VALUES(35,14);
INSERT INTO booking VALUES(36,3);
INSERT INTO booking VALUES(36,5);
INSERT INTO booking VALUES(2,3);
INSERT INTO booking VALUES(2,5);
INSERT INTO booking VALUES(2,7);
INSERT INTO booking VALUES(2,10);
INSERT INTO booking VALUES(37,3);
INSERT INTO booking VALUES(37,7);
INSERT INTO booking VALUES(37,8);
INSERT INTO booking VALUES(37,10);
INSERT INTO booking VALUES(37,11);
INSERT INTO booking VALUES(37,13);
INSERT INTO booking VALUES(38,3);
INSERT INTO booking VALUES(38,7);
INSERT INTO booking VALUES(38,10);
INSERT INTO booking VALUES(38,9);
INSERT INTO booking VALUES(38,11);
INSERT INTO booking VALUES(38,13);
INSERT INTO booking VALUES(38,14);
INSERT INTO booking VALUES(39,3);
INSERT INTO booking VALUES(39,7);
INSERT INTO booking VALUES(39,8);
INSERT INTO booking VALUES(39,10);
INSERT INTO booking VALUES(39,11);
INSERT INTO booking VALUES(39,13);
INSERT INTO booking VALUES(39,14);
INSERT INTO booking VALUES(41,3);
INSERT INTO booking VALUES(41,7);
INSERT INTO booking VALUES(41,9);
INSERT INTO booking VALUES(41,10);
INSERT INTO booking VALUES(41,11);
INSERT INTO booking VALUES(41,13);
INSERT INTO booking VALUES(42,5);
INSERT INTO booking VALUES(42,7);
INSERT INTO booking VALUES(42,8);
INSERT INTO booking VALUES(42,11);
INSERT INTO booking VALUES(42,12);
INSERT INTO booking VALUES(42,13);
INSERT INTO booking VALUES(42,14);
INSERT INTO booking VALUES(43,3);
INSERT INTO booking VALUES(43,7);
INSERT INTO booking VALUES(43,10);
INSERT INTO booking VALUES(43,11);
INSERT INTO booking VALUES(43,13);
INSERT INTO booking VALUES(43,14);
INSERT INTO booking VALUES(44,3);
INSERT INTO booking VALUES(44,5);
INSERT INTO booking VALUES(44,7);
INSERT INTO booking VALUES(44,9);
INSERT INTO booking VALUES(44,11);
INSERT INTO booking VALUES(44,13);
INSERT INTO booking VALUES(45,3);
INSERT INTO booking VALUES(45,8);
INSERT INTO booking VALUES(45,12);
INSERT INTO booking VALUES(45,13);
INSERT INTO booking VALUES(45,14);
INSERT INTO booking VALUES(46,3);
INSERT INTO booking VALUES(46,5);
INSERT INTO booking VALUES(46,8);
INSERT INTO booking VALUES(46,10);
INSERT INTO booking VALUES(46,12);
INSERT INTO booking VALUES(46,14);
INSERT INTO booking VALUES(47,3);
INSERT INTO booking VALUES(47,5);
INSERT INTO booking VALUES(47,8);
INSERT INTO booking VALUES(47,10);
INSERT INTO booking VALUES(47,11);
INSERT INTO booking VALUES(47,12);
INSERT INTO booking VALUES(47,13);
INSERT INTO booking VALUES(47,14);
INSERT INTO booking VALUES(48,3);
INSERT INTO booking VALUES(48,8);
INSERT INTO booking VALUES(48,10);
INSERT INTO booking VALUES(48,12);
INSERT INTO booking VALUES(48,13);
INSERT INTO booking VALUES(48,14);
INSERT INTO booking VALUES(49,3);
INSERT INTO booking VALUES(49,13);
INSERT INTO booking VALUES(51,3);
INSERT INTO booking VALUES(51,5);
INSERT INTO booking VALUES(51,7);
INSERT INTO booking VALUES(51,8);
INSERT INTO booking VALUES(51,9);
INSERT INTO booking VALUES(51,10);
INSERT INTO booking VALUES(51,11);
INSERT INTO booking VALUES(51,12);
INSERT INTO booking VALUES(51,13);
INSERT INTO booking VALUES(51,14);
INSERT INTO booking VALUES(53,3);
INSERT INTO booking VALUES(53,13);
INSERT INTO booking VALUES(55,3);
INSERT INTO booking VALUES(55,5);
INSERT INTO booking VALUES(55,8);
INSERT INTO booking VALUES(55,11);
INSERT INTO booking VALUES(55,13);
INSERT INTO booking VALUES(57,3);
INSERT INTO booking VALUES(57,5);
INSERT INTO booking VALUES(57,8);
INSERT INTO booking VALUES(57,13);
INSERT INTO booking VALUES(57,14);
INSERT INTO booking VALUES(60,3);
INSERT INTO booking VALUES(60,5);
INSERT INTO booking VALUES(60,7);
INSERT INTO booking VALUES(60,10);
INSERT INTO booking VALUES(60,11);
INSERT INTO booking VALUES(60,14);
INSERT INTO booking VALUES(60,13);
INSERT INTO booking VALUES(61,3);
INSERT INTO booking VALUES(61,13);
INSERT INTO booking VALUES(63,3);
INSERT INTO booking VALUES(63,5);
INSERT INTO booking VALUES(63,8);
INSERT INTO booking VALUES(63,11);
INSERT INTO booking VALUES(63,13);
INSERT INTO booking VALUES(64,3);
INSERT INTO booking VALUES(64,5);
INSERT INTO booking VALUES(64,9);
INSERT INTO booking VALUES(64,14);
INSERT INTO booking VALUES(65,13);
INSERT INTO booking VALUES(66,5);
INSERT INTO booking VALUES(67,14);
INSERT INTO booking VALUES(67,11);
INSERT INTO booking VALUES(69,3);
INSERT INTO booking VALUES(69,5);
INSERT INTO booking VALUES(69,7);
INSERT INTO booking VALUES(69,10);
INSERT INTO booking VALUES(69,14);
INSERT INTO booking VALUES(69,13);
INSERT INTO booking VALUES(70,3);
INSERT INTO booking VALUES(70,5);
INSERT INTO booking VALUES(70,9);
INSERT INTO booking VALUES(70,14);
INSERT INTO booking VALUES(70,13);
INSERT INTO booking VALUES(72,3);
INSERT INTO booking VALUES(72,5);
INSERT INTO booking VALUES(72,8);
INSERT INTO booking VALUES(72,10);
INSERT INTO booking VALUES(72,14);
INSERT INTO booking VALUES(73,3);
INSERT INTO booking VALUES(73,5);
INSERT INTO booking VALUES(73,7);
INSERT INTO booking VALUES(73,8);
INSERT INTO booking VALUES(73,9);
INSERT INTO booking VALUES(73,12);
INSERT INTO booking VALUES(73,14);
INSERT INTO booking VALUES(73,13);
DELETE FROM sqlite_sequence;
INSERT INTO sqlite_sequence VALUES('accounts',74);
INSERT INTO sqlite_sequence VALUES('cardDelivery',49);
INSERT INTO sqlite_sequence VALUES('complaint',8);
INSERT INTO sqlite_sequence VALUES('faqList',7);
INSERT INTO sqlite_sequence VALUES('transactions',65);
INSERT INTO sqlite_sequence VALUES('verifications',66);
INSERT INTO sqlite_sequence VALUES('trip',14);
COMMIT;
